entreprise,type,raison
Adecco,interim,enseigne d'interim
Manpower,interim,enseigne d'interim
Randstad,interim,enseigne d'interim
Synergie,interim,enseigne d'interim
Proman,interim,enseigne d'interim
Crit,interim,enseigne d'interim
Start People,interim,enseigne d'interim
Temporis,interim,enseigne d'interim
Actual,interim,enseigne d'interim
Expectra,interim,enseigne d'interim
Kelly Services,interim,enseigne d'interim
Gojob,interim,enseigne d'interim
Hays,cabinet,cabinet de recrutement
Michael Page,cabinet,cabinet de recrutement
Page Personnel,cabinet,cabinet de recrutement
Robert Half,cabinet,cabinet de recrutement
Robert Walters,cabinet,cabinet de recrutement
Walters People,cabinet,cabinet de recrutement
Approach People,cabinet,cabinet de recrutement
Lynx RH,cabinet,cabinet de recrutement
Fed Finance,cabinet,cabinet de recrutement
Fed Supply,cabinet,cabinet de recrutement
Hunteed,cabinet,plateforme de recrutement
Opensourcing,cabinet,cabinet de recrutement
Iscod,ecole,ecole qui poste des alternances pour des tiers
Studi,ecole,ecole qui poste des alternances pour des tiers
Galileo Global Education,ecole,ecole qui poste des alternances pour des tiers
